"bNAbs.Sequence.ID","bNAbs.CDR3.IMGT"
"10-1074","ATARRGQRIYGVVSFGEFFYYYSMDV"
"10E8","ARTGKYYDFWSGYPPGEEYFQD"
"7H6","ARTGKYYDFWSGYPPGEEYFQD"
"12A12","ARDGSGDDTSWHLDP"
"12A21","ARDESGDDLKWHLHP"
"2F5","AHRRGPTTLFGVPIARGPVNAMDV"
"2G12","ARKGSDRLSDNDPFDA"
"3BC176","ARSMRPVDHGIDYSGLFVFHF"
"3BC315","ARPMRPVSHGIDYSGLFVFQF"
"3BNC117","ARQRSDYWDFDV"
"3BNC62","ARQRSDYWDFDV"
"3BNC60","ARQRSDFWDFDV"
"3BNC55","ARRHSDYCDFDI"
"447-52D","ITDGFIMIRGVSEDYYYYYND"
"4E10","AREGTTGWGWLGKPIGAFAH"
"5H_I1-BMV-D5","ARDNPTLLGSDY"
"8ANC131","ARDGLGEVAPDYRYGIDV"
"8ANC134","ARDGLGEVAPAYLYGIDA"
"8ANC195","TTTSTYDKWSGLHHDGVMAFSS"
"b12","ARVGPYSWDDSPQDNYYMDV"
"CH01","ARGTDYTIDDAGIHYQGSGTFWYFDL"
"CH02","ARGTDYTIDDQGRFYQGSGTFWYFDF"
"CH03","ARGTDYTIDDQGIFYKGSGTFWYFDL"
"CH04","ARGTDYTIDDQGIRYQGSGTFWYFDV"
"CH98","RFSVSRDNMRNKMTLQMTRVVDDTATYFCVKERGRHRTRDTLEFGRFFDS"
"CH103","ASLPRGQLVNAYFRN"
"NIH45-46","TRGKYCTARDYYNWDFEH"
"PG9","VREAGGPDYRNGYNYYDFYDGYYNYHYMDV"
"PG16","AREAGGPIWHDDVKYYDFNDGYYNYHYMDV"
"PGT121","ARTLHGRRIYGIVAFNEWFTYFYMDV"
"PGT122","ATTKHGRRIYGVVAFKEWFTYFYMDV"
"PGT123","ARALHGKRIYGIVALGELFTYFYMDV"
"PGT125","ARFDGEVLVYNHWPKPAWVDL"
"PGT126","ARFDGEVLVYHDWPKPAWVDL"
"PGT127","ARFGGEVLVYRDWPKPAWVDL"
"PGT128","ARFGGEVLRYTDWPKPAWVDL"
"PGT130","VRSGGDILYYYEWQKPHWFSP"
"PGT131","VRSGGDILYYIEWQKPHWFYP"
"PGT135","ARHRHHDVFMLVPIAGWFDV"
"PGT136","ARHKYHDIFRVVPVAGWFDP"
"PGT137","VKHKYHDIVMVVPIAGWFDP"
"PGT141","TRGSKHRLRDYVLYDDYGLINYQEWNDYLEFLDV"
"PGT142","TRGSKHRLRDYVLYDDYGLINYQEWNDYLEFLDV"
"PGT143","TRGSKHRLRDYVLYDDYGLINYQEWNDYLEFLDV"
"PGT144","TGGSKHRLRDYVLYDDYGLINQQEWNDYLEFLDV"
"PGT145","LTGSKHRLRDYFLYNEYGPNYEEWGDYLATLDV"
"PGT151","ARMFQESGPPRLDRWSGRNYYYYSGMDV"
"PGT152","ARMFQESGPPRFDSWSGRNYYYYSGMDV"
"VRC-CH30","ARAQKRGRSEWAYAH"
"VRC-CH31","ARAQKRGRSEWAYAH"
"VRC-CH32","ARAQKRGRSEWAYAH"
"VRC-CH33","ARAQKRARSEWAYAH"
"VRC-CH34","ARAQKRGRSEWAYAH"
"VRC-PG04","ARQKFYTGGQGWYFDL"
"VRC-PG04b","ARQKFERGGQGWYFDL"
"VRC-PG20","ARRMRSQDREWDFQH"
"VRC01","TRGKNCDYNWDFEH"
"VRC02","TRGKNCDYNWDFEH"
"VRC03","VRRGSCDYCGDFPWQY"
"VRC23","ARGVRRDASWWLQF"
"VRC23b","ARSVRRDKAWWLLF"
"VRC24","ARLLLGSDFYDFSGYYYINQRMRFDP"
"HK20","ARASYSSSSPYAFDI"
"HJ16","VKDQTIFHKNGAVDFFSYFDL"
"HGN194","ARLDGDYADFD"
"Z13","ARVAIGVSGFLNYYYYMDV"
"m66","ARQNHYGSGSYFYRTAYYYAMDV"
"m66.6","ARQNHYGSGSYFY"
"1NC9","ARQDSDFHDGHGHTLRGMFDS"
"2219","ARLGGDYEDSGADAFDF"
"2557","TRLYLFEGAQSSNAFDL"
"2558","ARLGFEGDYSGSFFDY"
"35O22","AKGLLRDGSSTWLPYL"
"PGC14","AAGAVGADSGSWFDP"
"VRC06","VRRGSSCPHCGDFHFEH"
"VRC06b","VRKGPSCPHCGDFHWQH"
"VRC26.01","AKDVGDYKSDEWGTEYYDISISYPIQDPRAMVGAFDL"
"VRC26.02","AKDIREYECEYWTSDYYDFGRPQPCIDSRGVVGTFDV"
"VRC26.03","AKDLREDECEEWWSDYYDFGKQLPCRKSRGVAGIFDG"
"VRC26.04","AKDLREDECEEWWSDYYDFGKQLPCRKSRGVAGIFDK"
"VRC26.05","ARDQRYYECEEWASDYYDFGREQPCLDPRGVVGIFDL"
"VRC26.06","ARDLRELECEEWTLYNYYDFGSRGPCVDPRGVAGSFDV"
"VRC26.07","AKDLREDECEEWWSDYYDFGKKLPCRKSRGVAGVFDK"
"VRC26.08","VRDQREDECEEWWSDYYDFGRELPCRKFRGLGLAGIFDI"
"VRC26.09","VKDQREDECEEWWSDYYDFGRELPCRKSRGLGLAGIFDM"
"VRC26.10","AKDMREYECEYWTSDYYDFGRPQPCIDRRGVVGIFDM"
"VRC26.11","VKDMRELECEEWASDYYDFGKPQPCLDRRGVSGISAW"
"VRC26.12","ARDLRESECEEWESDYYDFGKKGPCVKPRGVAGGLDL"
"CH104","ASLPRGQLVNAYFRN"
"CH106","ASLPRGQLVNAYFRN"
